{"text": " The time traveller, for it will be convenient to speak of him, was expounding a recondite matter to us. His pale grey eyes shone and twinkled, and his usually pale face was flushed and animated. The fire burnt brightly and the soft radiance of the incandescent lights in the lilies of silver caught the bubbles that flashed and passed in our glasses.", "segments": [{"id": 0, "seek": 0, "start": 0.0, "end": 7.2, "text": " The time traveller, for it will be convenient to speak of him, was expounding a recondite", "tokens": [50363, 383, 640, 49130, 11, 329, 340, 481, 307, 11282, 284, 2740, 286, 683, 11, 373, 1033, 9969, 257, 664, 623, 578, 50723], "temperature": 0.0, "avg_logprob": -0.16974450266638466, "compression_ratio": 1.5765765765765767, "no_speech_prob": 0.006759490817785263}, {"id": 1, "seek": 0, "start": 7.2, "end": 13.52, "text": " matter to us. His pale grey eyes shone and twinkled, and his usually pale face was flushed", "tokens": [50723, 2300, 284, 514, 13, 2399, 14005, 13791, 2951, 44193, 290, 665, 676, 992, 11, 290, 465, 3221, 14005, 1986, 373, 44869, 51039], "temperature": 0.0, "avg_logprob": -0.16974450266638466, "compression_ratio": 1.5765765765765767, "no_speech_prob": 0.006759490817785263}, {"id": 2, "seek": 0, "start": 13.52, "end": 19.8, "text": " and animated. The fire burnt brightly and the soft radiance of the incandescent lights", "tokens": [51039, 290, 15108, 13, 383, 2046, 22999, 35254, 290, 262, 2705, 2511, 3610, 286, 262, 753, 392, 45470, 7588, 51353], "temperature": 0.0, "avg_logprob": -0.16974450266638466, "compression_ratio": 1.5765765765765767, "no_speech_prob": 0.006759490817785263}, {"id": 3, "seek": 0, "start": 19.8, "end": 24.32, "text": " in the lilies of silver caught the bubbles that flashed and passed in our glasses.", "tokens": [51353, 287, 262, 300, 3922, 286, 8465, 4978, 262, 25037, 326, 30050, 290, 3804, 287, 674, 15232, 13, 51579], "temperature": 0.0, "avg_logprob": -0.16974450266638466, "compression_ratio": 1.5765765765765767, "no_speech_prob": 0.006759490817785263}], "language": "en"}